aba,
aba therapy,
behavior analysis,
autism,Removed - not relevant to the topic of ABA
what is aba,Removed - aba term already included
applied behavior analysis,
autism aba,Removed. - autism not relevant to ABA topic
behavior analyst,
aba therapist,
aba near me,Removed - aba included already + ‘near me’ not relevant
aba therapy autism,Removed - aba therapy already included + ‘autism’ not relevant to ABA
aba training,
aba jobs,Removed - jobs not relevant to the project thesis
aba terapia,Removed - not English
aba definition,Removed - ‘aba’ already included + ‘definition’ too general term
aba services,Removed - ‘aba’ already included + ‘services’ too general term
aba autismo,Removed - not English
bcba,Removed - too technical
behavioral analysis,
aba for autism,Removed. - autism not relevant to ABA topic
aba school,
aba therapy near me,Removed - aba included already + ‘near me’ not relevant
aba meaning,Removed - ‘aba’ already included + ‘meaning’ too general term
what is aba therapy,Removed - ‘aba therapy’ already included
metodo aba,Removed - not English
golden steps aba,Removed - too specific ( name of a company)
ababet ug,Removed - not relevant (sports betting company)
ababet,Removed - not relevant (sports betting company)
aba desk login,Removed - not relevant (sports betting company)
the three branches of the science of behavior analysis are the,Removed - ‘behavior analysis’ already included + rest of sentence too general
aba roblox,Removed - not relevant (video game)
curso aba reconhecido pelo mec,Removed - not English
central reach aba login,Removed - too specific (name of company)
curso aba gratuito,Removed - not English
aba therapy horror stories,Removed - ‘aba therapy’ already included + emotional language ( can create selection bias)
is aba therapy harmful,Removed - ‘aba therapy’ already included + emotional language ( can create selection bias)
behaviorism,father of behaviorism -> Remove ‘father of’ - not relevant  
home aba therapy, in home aba therapy near me - > remove ‘in’ and ‘near’ ‘me’ too general
pos em aba,Removed - not English
pos graduação em aba,Removed - not English
best aba therapy near me,Removed - ‘aba therapy’ already included + emotional language ( can create selection bias)
stimulus control transfer aba,Removed - too technical
stimulus control transfer,Removed - too technical
aba desk,Removed - not relevant (sports betting company)
aba centers near me,Removed - aba term already included
aba near me,Removed - aba term already included
central reach aba,Removed - too specific ( name of a company)
aba therapy near me,Removed - ‘aba therapy’ already included
discontinuous measurement aba,Removed - too technical
central reach,Removed - too specific ( name of a company)
aba,
aba therapy,
autism,Removed - ‘autism’ not relevant to ABA
autism aba,Removed - ‘autism’ not relevant to ABA
behaviour,Removed - too general
behaviour analysis,
what is aba,Removed - aba term already included
applied behavior analysis,
aba tutor,
applied behaviour analysis,
autism therapy,Removed - aba therapy already included + ‘autism’ not relevant to ABA
aba therapist,
behavioural,
aba therapy uk,Removed - aba therapy already included + ‘uk’ not relevant to ABA
aba for autism,Removed - aba therapy already included + ‘autism’ not relevant to ABA
behavioural analysis,
aba training,
aba meaning,Removed - aba term already included
autism uk,Removed - ‘autism’ not relevant to ABA
what is aba therapy,Removed - ‘aba therapy’ already included
aba therapy near me,Removed - ‘aba therapy’ already included
aba autism uk,Removed - aba term already included + ‘autism’ not relevant to ABA
psychology,Removed - too general
aba remote jobs,Removed - ‘aba’ already included + ‘jobs’ not relevant
ababet ug,Removed - not relevant (sports betting company)
aba remote jobs,Removed - ‘aba’ already included + ‘jobs’ not relevant
ababet ug,Removed - not relevant (sports betting company)
what is stimming,Removed - ‘stimming’ not relevant to ABA
aba and preach,Removed - aba term already included
applied business academy,Removed - not relevant ( match of acronym not topic)
aba therapy near me,Removed - ‘aba therapy’ already included
what is aba therapy,Removed - ‘aba therapy’ already included
aba meaning,Removed - ‘aba’ already included + ‘meaning’ too general term
aba therapy,
what is aba,Removed - aba term already included