,display_name,title,Topic
360,AcademicPsychology,AcademicPsychology: Where peer-reviewed psychology is shared and discussed,Other
237,gaspies,A place for gay aspies,Asd
300,asexuality,asexuality,Other
239,AutisticComedy,AutisticComedy,Asd
502,insanepeoplefacebook,Insane People on Social Media,Other
3,nevergrewup,When the body got older but the mind remained a child,Other
53,aspieselfies,aspieselfies,Asd
221,ASDrelationships,Autism Spectrum Disorder (Aspergers and Autism) and Relationships,Asd
234,aspergerinterests,Asperger Interests ,Asd
156,ASD_irl,Meme subreddit on the autistic experience,Asd
208,AutismImprovement,AutismImprovement,Asd
407,LiteralAutism,Instances of Literal Autism,Asd
256,AspieGirls,AspieGirls,Asd
567,Autistic_Gamers,Autistic_Gamers,Asd
58,offmychest,Off My Chest | A Safe Community for Support,Other
124,askscience,AskScience: Got Questions? Get Answers.,Other
54,intj,"analytical, conceptual and objective",Other
307,ForeverAlone,"Forever Alone, Together!",Other
320,AutisticLiberation,AutisticLiberation,Asd
259,iamveryautistic,Undiagnosed Asperger's,Asd
118,AspieShowcase,The smorgasbord of Aspie skills.,Asd
278,TheAutisticWomen,TheAutisticWomen,Asd
303,DebateVaccines,Debate Vaccines,Other
148,ubius,rubius,Other
108,Transpies,Transpies,Other
544,AutismWithADHD,AutismWithADHD,Asd
435,AutisticWorldbuilders,AutisticWorldbuilders,Asd
70,teenagers,r/teenagers,Other
167,ScienceOnAutism,ScienceOnAutism,Asd
433,ontario,/r/Ontario,Other
88,mildautism,mildautism,Asd
558,InsaneVegans,Neurodivergent Vegans,Other
264,AutisticAndTrans,For anyone thatâ€™s autistic and not cis <3,Asd
296,PurplePillDebate,Question what you believe,Other
452,TrueEvilAutism,TrueEvilAutism,Asd
23,cogsci,cognitive science,Other
76,AvoidSuicide,Avoid Suicide,Other
536,Aspergers_Dating_,A place for aspies to find other aspies looking for a relationship. ,Asd
491,relationship_advice,Relationship Advice,Other
348,AutismParent,Parents of those with Autism,Asd
356,pics,Reddit Pics,Other
13,NTHusbandASWife,NTHusbandASWife,Other
481,downsyndrome,/r/downsyndrome,Other
127,AutisticWithADHD,Autistic with ADHD,Asd
561,psychology,Psychology,Other
32,NMOdisease,Neuromyelitis Optica,Other
97,OnionsCauseAutism,OnionsCauseAutism,Asd
441,CripplingAutism,Crippling Autism,Asd
455,WitchesVsPatriarchy,Witches vs Patriarchy,Other
313,LateDiagnosedAutistic,LateDiagnosedAutistic,Asd
471,Ohio,"Ohio News - Events, Meetups & Things to Do in Ohio",Other
510,Aspergians,Aspergians,Asd
350,AspieZionism,AspieZionism,Asd
203,ChristianAspies,Christians with Aspergers,Asd
519,GirlGuidetoAutism,A collaboration sub for women interested in a guidebook for women with autism/aspergers,Asd
489,AutismSpeaksSucks,AutismSpeaksSucks,Asd
501,NAMItalk,National Alliance on Mental Illness,Other
25,theNDfamily,theNDfamily,Other
151,AnythingButAutistic,AnythingButAutistic,Asd
370,AspergersRiseUp,The Aspergers Revolution Sub,Asd
261,bipolar2,Bipolar Disorder 2,Other
289,NeurodivergentLesbian,NeurodivergentLesbian,Asd
166,HighFunctioningStoner,HighFunctioningStoner,Other
395,antivax,Information about vaccine safety and combating anti-science rhetoric.,Other
509,DrugNerds,Drug Nerds,Other
142,ArcticAutism,ArcticAutism,Asd
347,traaaaaaannnnnnnnnns,If youre memes and im memes then whos transing yhe plane,Other
576,AutisticMemes,Autistic Memes,Asd
500,OSDD,OSDD,Other
40,AutisticCoded,AutisticCoded,Asd
569,NeurotypicalStudies,Studying the normal guys.,Other
521,skeptic,skeptic,Other
104,RoastMe,"the thicker the skin, the better the roast",Other
295,Neurodivergent,Neurodivergent,Asd
96,AutisticConversation,A place for autistic-style conversation.,Asd
354,AutisticLesbians,AutisticLesbians,Asd
319,AutismArt,AutismArt,Asd
263,TwoXChromosomes,r/TwoXChromosomes: You are the community. You have all the power of the internet to mold it.,Other
206,AutisticAdults,Adults on the Autistic Spectrum,Asd
59,autismogang_,autismogang_,Asd
528,ASDcareers,The Careers of People with ASD,Asd
537,ketoscience,KetoScience,Other
366,AutisticPOC,AutisticPOC: autist community for minorities,Asd
38,another_autism_sub,another_autism_sub,Asd
446,NeurodivergentChat,NeurodivergentChat,Asd
379,LightTherapies,Light Therapies,Other
453,TraumaAndPolitics,A support community for the intersection between trauma and politics. ,Other
188,HomeDepot,/r/HomeDepot: a place to talk shop,Other
178,AutisticDarkWeb,Autistic Dark Web,Asd
182,NeurodivergentMemes,NeurodivergentMemes,Asd
368,AspieMeetup,AspieMeetup,Asd
503,voidpunk,voidpunk,Other
411,HelpWithAutism,HelpWithAutism,Asd
328,Autism_Gamers,Autism_Gamers,Asd
386,AutisticLBGTQ,AutisticLBGTQ,Asd
359,Aspergerswork,aspergerswork,Asd
63,mentalpod,The Mental Illness Happy Hour,Other
281,HF_BPD,Is there such a thing as a high functioing bpd? YES. ,Other
436,neuroscience,Neuroscience: News and Discussions.,Other
397,SchizophreniaAlt,SchizophreniaAlt,Other
271,weedcuresautism,how psychedelics can help autism,Asd
339,aspiememes,aspie memes,Asd
184,unpopularopinion,For your Opinions that are Unpopular ,Other
388,TheAutismSpectrum,TheAutismSpectrum,Asd
176,AutismResearch,AutismResearch,Asd
385,bipolar,Peer Support: A Safe Space,Other
548,lowfunctioning,lowfunctioning,Other
526,AutisticParents,A group for autistic parents.,Asd