ababet ug,"Remove - Uganda sports betting company, not relevant"
aba roblox,"Remove - video game, not relevant"
ababet,"Remove - Uganda sports betting company, not relevant"
father of behaviorism,"Father of ‘ removed , keep ‘ behaviourism"
golden steps aba,"Remove - company name , too specific"
the three branches of the science of behavior analysis are the,"Keep ‘ behavior analysis’, remove all else - irrelevant details"
betpawa ug,"Remove - Uganda sports betting company, not relevant"
central reach aba login,"Remove - company name , too specific"
curso aba gratuito,Remove - not English
is aba therapy harmful,Removed - ‘aba therapy’ already included + emotional language ( can create selection bias)
aba desk login,"Remove - Uganda sports betting company, not relevant"
best aba therapy near me,Removed - ‘aba therapy’ already included + emotional language ( can create selection bias)
in home aba therapy near me,Removed - ‘aba therapy’ already included + rest of sentence not relevant
pos em aba,Remove - not English
pos graduação em aba,Remove - not English
stimulus control transfer,Remove - too specific
stimulus control transfer aba,Remove - too specific + ‘aba’ already included
aba near me,Removed - ‘aba’ already included + rest of sentence not relevant
aba desk,Removed - ‘aba’ already included + rest of sentence not relevant
aba centers near me,Removed - ‘aba’ already included + rest of sentence not relevant
central reach,"Remove - company name , too specific"
aba therapy near me,Removed - ‘aba therapy’ already included + rest of sentence not relevant
discontinuous measurement aba,Remove - too specific
terapia aba significado,Remove - not English
o que significa aba,Remove - not English
aba,
aba therapy,
behavior analysis,
autism,Remove - not relevant to aba
applied behavior analysis,
what is aba,Removed - ‘aba’ already included + rest of sentence not relevant
aba autism,Removed - ‘aba’ already included + rest of sentence not relevant
aba behavior,
behavior analyst,
aba therapist,
aba near me,Removed - ‘aba’ already included + rest of sentence not relevant
aba jobs,Removed - ‘aba’ already included + rest of sentence not relevant
aba autism therapy,Removed - ‘aba therapy’ already included + rest of sentence not relevant
aba terapia,Remove - not English
aba training,
aba autismo,Remove - not English
aba services,
aba definition,Removed - ‘aba’ already included + rest of sentence not relevant
behavioral analysis,
aba for autism,Removed - ‘aba’ already included + rest of sentence not relevant
bcba,
aba school,
aba therapy near me,Removed - ‘aba therapy’ already included + rest of sentence not relevant
aba meaning,Removed - ‘aba’ already included + rest of sentence not relevant
metodo aba,Remove - not English
aba remote jobs,Removed - ‘aba’ already included + rest of sentence not relevant
ababet,"Remove - Uganda sports betting company, not relevant"
ababet ug,"Remove - Uganda sports betting company, not relevant"
halfords retail notes,"Remove - company name , not relevant"
what is stimming,Remove - not relevant to aba
aba faces,Removed - ‘aba’ already included + rest of sentence not relevant
aba therapy near me,Removed - ‘aba therapy’ already included + rest of sentence not relevant
what is aba therapy,Removed - ‘aba therapy’ already included + rest of sentence not relevant
aba meaning,Removed - ‘aba’ already included + rest of sentence not relevant
aba therapy,
what is aba,Removed - ‘aba’ already included + rest of sentence not relevant
aba,
aba therapy,
autism,Remove - not relevant to aba
autism aba,Removed - ‘aba’ already included + rest of sentence not relevant
behaviour,
behaviour analysis,
what is aba,Removed - ‘aba’ already included + rest of sentence not relevant
applied behavior analysis,
aba tutor,
applied behaviour analysis,
autism therapy,Remove - not relevant to aba
aba therapist,
aba therapy uk,Removed - ‘aba therapy’ already included + rest of sentence not relevant
behavioural analysis,
aba for autism,Removed - ‘aba’ already included + rest of sentence not relevant
aba training,Removed - ‘aba’ already included + rest of sentence not relevant
aba meaning,Removed - ‘aba’ already included + rest of sentence not relevant
autism uk,Remove - not relevant to aba
what is aba therapy,Removed - ‘aba therapy’ already included + rest of sentence not relevant
aba autism uk,Removed - ‘aba therapy’ already included + rest of sentence not relevant
psychology,Remove - too general
aba therapy near me,Removed - ‘aba therapy’ already included + rest of sentence not relevant
aba remote jobs,Removed - ‘aba’ already included + rest of sentence not relevant
ababet,"Remove - Uganda sports betting company, not relevant"
ababet ug,"Remove - Uganda sports betting company, not relevant"
aba therapy horror stories,Removed - ‘aba therapy’ already included + emotional language ( can create selection bias)
attain aba therapy,Removed - ‘aba therapy’ already included + rest of sentence not relevant
aba therapy full form,Removed - ‘aba therapy’ already included + rest of sentence not relevant
achievements aba therapy,Removed - ‘aba therapy’ already included + rest of sentence not relevant
illuminate aba therapy,Removed - ‘aba therapy’ already included + rest of sentence not relevant
aba therapy near me that accepts medicaid,Removed - ‘aba therapy’ already included + rest of sentence not relevant
blue sprig,Remove - not relevant to aba
acorn health,"Remove - company name , too specific"
golden steps aba,"Remove - company name , too specific"
hhj aba therapy,"Remove - company name , too specific"
aba therapy scarborough,Removed - ‘aba therapy’ already included + rest of sentence not relevant
aba therapy near rockville,Removed - ‘aba therapy’ already included + rest of sentence not relevant
action behavior centers,"Keep ‘behavior’ - remove rest, not relevant"
in home aba therapy near me,Removed - ‘aba therapy’ already included + rest of sentence not relevant
is aba therapy harmful,Removed - ‘aba therapy’ already included + emotional language ( can create selection bias)
best aba therapy near me,Removed - ‘aba therapy’ already included + rest of sentence not relevant
aba conversion therapy,
blossom aba therapy,"Remove - company name , too specific"
acceptance and commitment therapy,
is aba therapy abusive,Removed - ‘aba therapy’ already included + emotional language ( can create selection bias)
why aba therapy is harmful,Removed - ‘aba therapy’ already included + emotional language ( can create selection bias)
aba therapy near me,Removed - ‘aba therapy’ already included + rest of sentence not relevant
rbt certification, keep 'rbt' remove rest not relevant
aba near me,Removed - ‘aba’ already included + rest of sentence not relevant
private aba therapy near me,Removed - ‘aba therapy’ already included + rest of sentence not relevant
autism aba therapy,Removed - ‘aba therapy’ already included + rest of sentence not relevant
autism therapy,Remove - not relevant to aba
aba autism,Removed - ‘aba’ already included + rest of sentence not relevant
autism,Remove - not relevant to aba
aba therapy near me,Removed - ‘aba therapy’ already included + rest of sentence not relevant
aba near me,Removed - ‘aba therapy’ already included + rest of sentence not relevant
what is aba,Removed - ‘aba therapy’ already included + emotional language ( can create selection bias)
what is aba therapy,Removed - ‘aba therapy’ already included + rest of sentence not relevant
aba therapy for autism,Removed - ‘aba therapy’ already included + rest of sentence not relevant
therapy for autism,Remove - not relevant to aba
aba behavior therapy,
behavior therapy,
behavioral therapy,
aba therapy center,
aba behavioral therapy,
aba home therapy,
aba jobs,Removed - ‘aba’ already included + rest of sentence not relevant
aba therapy jobs,Removed - ‘aba therapy’ already included + rest of sentence not relevant
aba services,
aba therapy services,
aba therapist,
aba therapy school,
speech therapy,Remove - not relevant to aba
aba speech therapy,Removed - ‘aba’ already included + rest of sentence not relevant
best aba therapy,Removed - ‘aba therapy’ already included + emotional language ( can create selection bias)