greta thunberg,Remove - not relevant
اوتیسم,Remove - not English
neurodivergent,
idrlabs autism test,Remove - ‘autism’ already included + rest is tests - too specific
raads-r test,Remove - test - too specific
اوتیسم چیست,Remove - not English
greta thunberg autism,Remove - ‘autism’ already included + not relevant
masking autism,Remove - ‘autism’ already included + not relevant
el doctor autista,Remove - not English
asd 診断 テスト,Remove - not English
autyzm,Remove - not English
elon musk autism,Remove - ‘autism’ already included + not relevant
doctor autista,Remove - not English
is messi autistic,Remove - ‘autistic’ already included +rest not relevant
is elon musk autistic,Remove - ‘autistic’ already included +rest not relevant
freddie highmore,Remove - not relevant
autistic meltdown,Remove - ‘autistic’ already included +rest not relevant
sinais de autismo,Remove - not English
autism in adult women,Remove - ‘autism’ already included + not relevant
autistic meaning,Remove - ‘autistic’ already included +rest not relevant
signs of autism in babies,Remove - ‘autism’ already included + not relevant
am i autistic quiz,Remove - ‘autistic’ already included +rest not relevant
dia do autismo,Remove - not English
autism in women,Remove - ‘autism’ already included + not relevant
early signs of autism in babies,Remove - ‘autism’ already included + not relevant
autism,
autismo,Remove - not English
asd,
autistic,
autista,Remove - not English
tea,Remove - not relevant
autism spectrum,
autism test,Remove - ‘autism’ already included + rest is tests - too specific
自 閉 症,Remove - not English
adhd,Remove - not relevant
what is autism,Remove - ‘autism’ already included + not relevant
el autismo,Remove - not English
autism spectrum disorder,
autism signs,Remove - ‘autism’ already included + not relevant
autism symptoms,Remove - ‘autism’ already included + not relevant
que es autismo,Remove - not English
signs of autism,Remove - ‘autism’ already included + not relevant
autism meaning,Remove - ‘autism’ already included + not relevant
自 閉 スペクトラム 症,Remove - not English
自 閉 スペクトラム,Remove - not English
espectro,Remove - not English
autism in adults,Remove - ‘autism’ already included + not relevant
asperger,
adult autism,Remove - ‘autism’ already included + not relevant
niños con autismo,Remove - not English
adhd meaning,Remove - not relevant
tourette syndrome,Remove - not relevant
tea,Remove - not relevant
dyslexia meaning,Remove - not relevant
dysgraphia,Remove - not relevant
the mmr vaccine can cause autism,Remove - ‘autism’ already included + not relevant
autistic spectrum disorder,"Keep only ‘autistic spectrum disorder ‘, remove rest"
autistic self advocacy network,Remove - ‘autistic’ already included +rest not relevant
autistic people can struggle with sensory overload,Remove - ‘autistic’ already included +rest not relevant
scihub,Remove - not relevant
autistic disturbances of affective contact,Remove - ‘autistic’ already included +rest not relevant
ptsd symptoms,Remove - not relevant
neurodivergent,
on the spectrum meaning,Remove - not relevant
is autism genetic,Remove - ‘autism’ already included + not relevant
sci hub,Remove - not relevant
high-functioning autism spectrum disorder,
autistic spectrum disorder meaning,Remove ‘autistic spectrum disorder ‘ already included  + rest not relevant
autistic meaning,Remove - ‘autistic’ already included +rest not relevant
autism symptoms,Remove - ‘autism’ already included + not relevant
autism spectrum disorder symptoms,Remove ‘autism spectrum disorder ‘ already included  + rest not relevant
adhd spectrum,Remove - not relevant
adhd disorder,Remove - not relevant
adhd,Remove - not relevant
what is autism,Remove - ‘autism’ already included + not relevant
autism,
autism spectrum,
autism disorder,
autism spectrum disorder,
what is autistic disorder,Remove - ‘autistic’ already included +rest not relevant
what is autistic spectrum disorder,Remove ‘autistic spectrum disorder ‘ already included  + rest not relevant
what is spectrum disorder,Remove - not relevant
autistic child,Remove - ‘autistic’ already included +rest not relevant
autistic children,Remove - ‘autistic’ already included +rest not relevant
autistic spectrum disorder symptoms,Remove ‘autistic spectrum disorder ‘ already included  + rest not relevant
autistic symptoms,Remove - ‘autistic’ already included +rest not relevant
autistic disorder symptoms,Remove - ‘autistic’ already included +rest not relevant
autistic spectrum symptoms,Remove - ‘autistic’ already included +rest not relevant
what is autism,Remove - ‘autism’ already included + not relevant
what is autism spectrum disorder,Remove ‘autism spectrum disorder ‘ already included  + rest not relevant
autism spectrum disorder symptoms,Remove ‘autism spectrum disorder ‘ already included  + rest not relevant
autism symptoms,Remove - ‘autism’ already included + not relevant
asd disorder,
asd,
autistic spectrum disorder meaning,Remove ‘autistic spectrum disorder ‘ already included  + rest not relevant
asd spectrum,
autistic meaning,Remove - ‘autistic’ already included +rest not relevant
autistic adults,Remove - ‘autistic’ already included +rest not relevant
autistic spectrum disorders,
children with autism spectrum disorder,Remove ‘autism spectrum disorder ‘ already included  + rest not relevant
greta thunberg,Remove - not relevant
greta thunberg autism,Remove - ‘autism’ already included + not relevant
idrlabs autism test,Remove - ‘autism’ already included + rest is tests - too specific
autism creature,Remove - ‘autism’ already included + not relevant
raads-r autism test,Remove - ‘autism’ already included + rest is tests - too specific
embrace autism test,Remove - ‘autism’ already included + rest is tests - too specific
autism masking,Remove - ‘autism’ already included + not relevant
neurodivergent,
clinical partners autism test,Remove - ‘autism’ already included + rest is tests - too specific
autism partnership foundation,Remove - ‘autism’ already included + not relevant
embrace autism,Remove - ‘autism’ already included + not relevant
elon musk autism,Remove - ‘autism’ already included + not relevant
fathering autism,Remove - ‘autism’ already included + not relevant
sia autism,Remove - ‘autism’ already included + not relevant
autism in adult women,Remove - ‘autism’ already included + not relevant
tylenol and autism,Remove - ‘autism’ already included + not relevant
autism evaluation near me,Remove - ‘autism’ already included + not relevant
autism testing near me,Remove - ‘autism’ already included + not relevant
signs of autism in women,Remove - ‘autism’ already included + not relevant
female autism test,Remove - ‘autism’ already included + not relevant
autism acceptance month,Remove - ‘autism’ already included + not relevant
autism in women,Remove - ‘autism’ already included + not relevant
do i have autism quiz,Remove - ‘autism’ already included + not relevant
autism schools near me,Remove - ‘autism’ already included + not relevant
autism vs adhd,Remove - ‘autism’ already included + not relevant
autism spectrum,
autism test,Remove - ‘autism’ already included + not relevant
what is autism,Remove - ‘autism’ already included + not relevant
autism symptoms,Remove - ‘autism’ already included + not relevant
autism signs,Remove - ‘autism’ already included + not relevant
signs of autism,Remove - ‘autism’ already included + not relevant
autistic,Remove - ‘autistic’ already included +rest not relevant
adhd,Remove - not relevant
autism meaning,Remove - ‘autism’ already included + not relevant
autism spectrum disorder,
autism therapy,Remove - ‘autism’ already included + not relevant
autism awareness,Remove - ‘autism’ already included + not relevant
adult autism,Remove - ‘autism’ already included + not relevant
autism in adults,Remove - ‘autism’ already included + not relevant
children with autism,Remove - ‘autism’ already included + not relevant
autism month,Remove - ‘autism’ already included + not relevant
high functioning autism,
autism day,Remove - ‘autism’ already included + not relevant
autism in children,Remove - ‘autism’ already included + not relevant
symptoms of autism,Remove - ‘autism’ already included + not relevant
autism diagnosis,Remove - ‘autism’ already included + not relevant
aspergers,
aspergers autism,
autism causes,Remove - ‘autism’ already included + not relevant
autism uk,Remove - ‘autism’ already included + not relevant